{
    "accuracy": 0.9704035874439462,
    "precision": 1.0,
    "recall": 0.7785234899328859,
    "f1_score": 0.8754716981132076,
    "confusion_matrix": {
        "true_negative": 966,
        "false_positive": 0,
        "false_negative": 33,
        "true_positive": 116
    }
}